{
  "display": {
      "name": "Gravity Manipulation",
      "icon": {
          "item": "fiskheroes:compacted_lunar_soil"
      }
  },
  "requirements": [],
  "price": {
      "IRID_GOLD": 4,
      "XP_LEVELS": 15
  },
  "criteria": {
      "moon": {
          "trigger": "fiskheroes:tick",
          "minSuccessCount": 6000,
          "description": {
              "translate": "Spend 6000 ticks on the moon and study how to manipulate gravity"
          },
          "condition": {
              "variables": {
                  "tick": "PLAYER_TICKING"
              },
              "check": "tick.world().getDimension() == 2595"
          }
      }
  }
}