{
    "aspects": [
        {
            "type": "LASER",
            "opacity": 0.15,
            "scale": 0.8,
            "spin": 8.0,
            "pulse": {
                "length": 1.0,
                "size": 0.25,
                "frequency": 0.5
            },
            "core": {
                "color": "0xFFFFFF",
                "additiveBlending": true
            },
            "bloom": {
                "strength": 0.5,
                "spread": 1.0,
                "dropoff": 3.0,
                "quality": 0.5,
                "scaleToSize": false
            }
        },
        {
            "type": "LIGHTNING",
            "opacity": 0.15,
            "scale": 0.6,
            "amount": 5,
            "segments": {
                "min": 100,
                "spacing": 0.8
            },
            "intensity": 0.4,
            "changeRate": 0.5,
            "bounds": [
                0.5,
                0.5
            ],
            "core": {
                "color": "0xFFFFFF",
                "additiveBlending": true
            },
            "bloom": {
                "strength": 0.8,
                "spread": 2.0,
                "dropoff": 0.9,
                "quality": 0.5,
                "scaleToSize": true
            }
        }
    ]
}