{
  "texture": {
    "in": "schp:velocity/velocity_red_mask_lights",
    "transform": [
      {
        "operation": "XOR",
        "supply": "schp:velocity/xor/velocity_mask_lights_<TIMER>"
      }
    ],
    "out": "schp:velocity/generated/velocity_red_mask_lights_<TIMER>"
  },
  "getters": {
    "TIMER": {
      "key": "Math.ceil(28 * entity.getInterpolatedData('fiskheroes:mask_open_timer2')) | 0",
      "values": {
        "min": 1,
        "max": 28
      }
    }
  },
  "isDynamic": true
}