{
    "name": "Cosmic Heropack",
    "watermark": "&5&LCosmic Heropack",
    "domain": "schp",
    "description": "'I'm only making one suit'",
    "packFormat": 1,
    "sounds": {
        "download": {
          "repository": "SecretChive/Secret-Sounds",
          "version": 0
        }
      },
      "dataVars": {
    "legion_ring": "BOOLEAN",
    "legion_ring_timer": "FLOAT_INTERP",
    "legion_ring_cooldown": "FLOAT",
    "telekinesis_timer": "FLOAT_INTERP",
    "vibration": "BOOLEAN",
    "vibration_timer": "FLOAT_INTERP",
    "cape": "BOOLEAN",
    "cape_timer": "FLOAT_INTERP",
    "air_totem": "BOOLEAN",
    "air_totem_timer": "FLOAT_INTERP",
    "lightning_throw": { "type": "FLOAT", "resetWithoutSuit": true }
  },
  "damageTypes": {
    "AIR":"Air"
  },
  "alts": {
      "schp:velocity": {
          "$DEFAULT": {
              "soundProfile": "ZOOM",
              "maskToggleTicks": 15
          },
          "red": {
              "name": "Red",
              "soundProfile": "ZOOM",
              "maskToggleTicks": 15
          },
          "purple": {
              "name": "Purple",
              "soundProfile": "ZOOM",
              "maskToggleTicks": 15
          }
      }
  }
}