{
  "name": "Air Totem",
  "modifiers": {
  "fiskheroes:transformation|totem": {
    "key": "TOTEM",
    "transformation": {
      "toggleData": "schp:dyn/air_totem",
      "timerData": "schp:dyn/air_totem_timer",
      "time": 20
    },
    "soundEvents": {
      "ENABLE": "schp:zari_toggle",
      "DISABLE": "schp:zari_toggle"
      }
    },
    "fiskheroes:cooldown|cooldown": {
      "cooldown": {
          "toggleData": "fiskheroes:telekinesis",
          "cooldownData": "schp:dyn/telekinesis_timer",
          "duration": 5,
          "recovery": 1
      }
    },
    "fiskheroes:controlled_flight": {
      "speed": 0.1,
      "boostSpeed": 0.18,
      "canBoost": true,
      "collision": {
        "blocks": {
          "stopFlying": false,
          "takeDamage": false
        },
        "entities": {
          "stopFlying": false,
          "dealDamage": false
        }
      },
      "knockback": 0.4,
      "soundEvents": {
        "ENABLE": ["fiskheroes:flight_loop"],
        "BOOST": ["fiskheroes:flight_boost", "fiskheroes:flight_boost_super"],
        "IMPACT_ENTITY": "fiskheroes:flight_impact_entity"
        }
    },
    "fiskheroes:repulsor_blast": {
      "damageProfile": {
        "damage": 8.0,
        "types": {
          "AIR": 1.0
        },
        "properties": {
          "ADD_KNOCKBACK": 1.0,
          "HIT_COOLDOWN": 0.0
        }
      },
      "range": 48.0,
      "speed": 20.0,
      "spread": 0.0,
      "radius": 0.1,
      "cooldownTime": 30,
      "soundEvents": {
        "SHOOT": "schp:zari_toggle"
      }
    },
    "fiskheroes:charged_beam": {
      "damageProfile": {
        "damage": 1.5,
        "types": {
          "AIR": 1.0
        },
        "properties": {
          "ADD_KNOCKBACK": 1.0
        }
      },
      "chargeTime": 10,
      "duration": 40,
      "cooldownTime": 10,
      "range": 32.0,
      "radius": 0.1,
      "soundEvents": {
        "SHOOT": "schp:zari_toggle",
        "BEAM_AMBIENT": "schp:zari_tele_loop"
      }
    },
    "fiskheroes:telekinesis": {
      "telekinesis": {
        "crushMelons": false,
        "crushThrowables": false,
        "squeezeChickens": false,
        "explodeCreepers": false,
        "destroyInanimates": false
      },
      "canGrab": {
        "mobs": true,
        "items": true,
        "projectiles": true,
        "inanimates": true
      },
      "range": 10.0,
      "soundEvents": {
        "GRAB": ["schp:zari_tele_loop", "schp:zari_tele_grab"]
    }
  }
},
"hud": [
  {
    "type": "CIRCLE",
    "color": "fiskheroes:charged_beam",
    "data": "fiskheroes:beam_charge"
    }
  ]
}
