{
  "name": "Gravity Manipulation",
  "modifiers": {
    "fiskheroes:gravity_manipulation": {
      "affectsUser": false,
      "minGravity": 0.1,
      "maxGravity": 8.0,
      "range": 24.0,
      "radius": 16.0,
      "soundEvents": {
        "SWITCH": "fiskheroes:gravity_manip_switch",
        "WAVE": "fiskheroes:gravity_manip_wave"
      }
  },
  "fiskheroes:cooldown|cooldown": {
    "cooldown": {
        "toggleData": "fiskheroes:telekinesis",
        "cooldownData": "schp:dyn/telekinesis_timer",
        "duration": 5,
        "recovery": 1
    }
},
  "fiskheroes:telekinesis": {
    "telekinesis": {
      "crushMelons": true,
      "crushThrowables": true,
      "squeezeChickens": true,
      "explodeCreepers": true,
      "destroyInanimates": true
    },
    "canGrab": {
      "mobs": true,
      "items": true,
      "projectiles": true,
      "inanimates": true
    },
    "range": 10.0,
    "soundEvents": {
      "GRAB": ["fiskheroes:telekinesis_start", "fiskheroes:energy_projection"]
    }
  }
  },
  "hud": [
    {
      "type": "DIAL",
      "color": "fiskheroes:gravity_manipulation",
      "data": "fiskheroes:gravity_amount",
      "condition": "fiskheroes:gravity_manip"
    }
  ]
}
