{
  "name": "Legion Flight Ring",
  "modifiers": {
    "fiskheroes:cooldown": {
      "cooldown": {
        "toggleData": "schp:dyn/legion_ring",
        "cooldownData": "schp:dyn/legion_ring_cooldown",
        "duration": -1,
        "recovery": 2.0
      }
    },
    "fiskheroes:controlled_flight": {
      "speed": 0.1,
      "boostSpeed": 0.25,
      "canBoost": true,
      "collision": {
        "blocks": {
          "stopFlying": false,
          "takeDamage": false
        },
        "entities": {
          "stopFlying": false,
          "dealDamage": true
        }
      },
      "knockback": 0.4,
      "soundEvents": {
        "ENABLE": ["fiskheroes:flight_loop"],
        "BOOST": ["fiskheroes:flight_boost", "fiskheroes:flight_boost_super"],
        "IMPACT_ENTITY": "fiskheroes:flight_impact_entity"
      }
    }
  }
}
