{
  "name": "Velocity X",
  "value": 0,
  "modifiers": {
    "fiskheroes:transformation|vibration": {
      "key": "VIBRATION",
      "transformation": {
          "toggleData": "schp:dyn/vibration",
          "timerData": "schp:dyn/vibration_timer",
          "time": 0
      },
      "soundEvents": {
          "ENABLE": ["schp:velocity_vibration_on", "schp:velocity_vibration_loop"]
      }
  },
    "fiskheroes:transformation|cape": {
      "key": "CAPE",
      "transformation": {
        "toggleData": "schp:dyn/cape",
        "timerData": "schp:dyn/cape_timer",
        "time": 15
      }
    },
    "fiskheroes:energy_manipulation": {
      "damageProfile": {
        "damage": 10.0,
        "types": {
          "ELECTRICITY": 1
        },
        "properties": {
          "COOK_ENTITY": true,
          "LIGHTNING_STRIKE": 0.05
        }
      },
      "chargeTime": 75,
      "range": 48.0
	},
    "fiskheroes:charged_beam": {
      "damageProfile": {
        "damage": 0.01,
        "types": {
          "ENERGY": 1.0
	},
        "properties": {
		"REDUCE_KNOCKBACK": 1.0,
        "EFFECTS": [
            {
            "id": "fiskheroes:flashbang",
            "duration": 40,
            "chance": 1.0
            }
          ]
		}
      },
      "chargeTime": 30,
      "duration": 2,
      "cooldownTime": 120,
      "range": 30.0,
      "radius": 90.0
	}
  },
  "hud": [
    {
      "type": "CIRCLE",
      "color": "fiskheroes:charged_beam",
      "data": "fiskheroes:beam_charge"
    }
  ]
}
